--create table chef (id bigint generated by default as identity (start with 1), firstname varchar(25), lastname varchar(25), primary key (id))
INSERT INTO chef VALUES (1, 'Konrad', 'Ott');

--create table driver (id bigint generated by default as identity (start with 1), birthDay date, firstname varchar(25), lastname varchar(25), primary key (id))
INSERT INTO driver VALUES
  (1, CURDATE(), 'Konrad', 'Ott'),
  (2, CURDATE(), 'Sven', 'Klemmer'),
  (3, CURDATE(), 'Sample', 'Driver 1'),
  (4, CURDATE(), 'Sample', 'Driver 2'),
  (5, CURDATE(), 'Sample', 'Driver 3'),
  (6, CURDATE(), 'Sample', 'Driver 4'),
  (7, CURDATE(), 'Sample', 'Driver 5'),
  (8, CURDATE(), 'Sample', 'Driver 6'),
  (9, CURDATE(), 'Sample', 'Driver 7');

--create table bankdata (id bigint generated by default as identity (start with 1), bic varchar(255), iban varchar(255), owner varchar(255), primary key (id))
INSERT INTO bankdata VALUES (1, '123', '123', 'Konrad Ott'), (2, '123', '123', 'Sven Klemmer');

-- create table adress (id bigint generated by default as identity (start with 1), city varchar(255), number varchar(255), street varchar(255), zip varchar(255), primary key (id))
INSERT INTO adress
VALUES (1, 'Augsburg', '10', 'Edisonstraße', '86199'), (2, 'Augsburg', '17', 'Singerstraße', '86159');

-- create table store (id bigint generated by default as identity, store_key varchar(255), store_type integer, chef_id bigint, primary key (id))INSERT INTO store VALUES
INSERT INTO store VALUES
  (1, 'Sample Store 1', 0, 1),
  (2, 'Sample Store 2', 1, 1),
  (3, 'Sample Store 3', 1, 1);

--create table car (id bigint generated by default as identity (start with 1), available boolean not null, badge varchar(255), primary key (id))
INSERT INTO car VALUES (1, TRUE, 'A-BC-001'), (2, TRUE, 'A-BC-002'), (3, TRUE, 'A-BC-003'), (4, TRUE, 'A-BC-004'),
  (5, TRUE, 'A-BC-005'), (6, TRUE, 'A-BC-006'), (7, TRUE, 'A-BC-007'), (8, TRUE, 'A-BC-008'), (9, TRUE, 'A-BC-009');

--create table invoice (id bigint generated by default as identity (start with 1), date date, income numeric(19,2), state integer, car_id bigint, driver_id bigint, store_id bigint, primary key (id))
INSERT INTO invoice VALUES
  (1, CURDATE(), 111.01, 0, 1, 9, 1),
  (2, CURDATE(), 222.20, 0, 2, 8, 2),
  (3, CURDATE(), 333.03, 0, 3, 7, 3),
  (4, CURDATE(), 444.40, 0, 4, 6, 1),
  (5, CURDATE(), 555.05, 0, 5, 5, 2),
  (6, CURDATE(), 666.60, 0, 6, 4, 3),
  (7, CURDATE(), 777.07, 0, 7, 3, 1),
  (8, CURDATE(), 888.80, 0, 8, 2, 2),
  (9, CURDATE(), 999.09, 0, 9, 1, 3);

--create table Invoice_bills (Invoice_id bigint not null, bills numeric(19,2))
INSERT INTO Invoice_bills VALUES
  (1, 50.0),
  (2, 25.23),
  (2, 12.23),
  (4, 76.10),
  (7, 37.45);

--create table Invoice_ecpayment (Invoice_id bigint not null, ecpayment numeric(19,2))
INSERT INTO Invoice_ecpayment VALUES
  (1, 9.49),
  (1, 21.50),
  (2, 4.99),
  (2, 5.99),
  (3, 6.00),
  (3, 14.35),
  (4, 56.02),
  (4, 100.23),
  (5, 9.49),
  (5, 21.50),
  (6, 4.99),
  (6, 5.99),
  (7, 6.00),
  (7, 14.35),
  (8, 5.23),
  (8, 14.00),
  (9, 15.00),
  (9, 47.34);

--create table store_car (store_id bigint not null, car_id bigint not null, primary key (store_id, car_id))
INSERT INTO store_car VALUES (1, 1), (1, 2), (1, 3), (2, 4), (2, 5), (2, 6), (3, 7), (3, 8), (3, 9);

--create table store_driver (store_id bigint not null, driver_id bigint not null, primary key (store_id, driver_id))

INSERT INTO store_driver VALUES
  (1, 1),
  (1, 2),
  (1, 3),
  (2, 3),
  (2, 4),
  (2, 6),
  (3, 7),
  (3, 8),
  (3, 9);

--create table store_invoice (store_id bigint not null, invoice_id bigint not null, primary key (store_id, invoice_id))
INSERT INTO store_invoice VALUES
  (1, 1),
  (2, 2),
  (3, 3),
  (1, 4),
  (2, 5),
  (3, 6),
  (1, 7),
  (2, 8),
  (3, 9);